{"IcoMoonType":"selection","icons":[{"icon":{"paths":["M950.857 859.429v-438.857c-12 13.714-25.143 26.286-39.429 37.714-81.714 62.857-164 126.857-243.429 193.143-42.857 36-96 80-155.429 80h-1.143c-59.429 0-112.571-44-155.429-80-79.429-66.286-161.714-130.286-243.429-193.143-14.286-11.429-27.429-24-39.429-37.714v438.857c0 9.714 8.571 18.286 18.286 18.286h841.143c9.714 0 18.286-8.571 18.286-18.286zM950.857 258.857c0-14.286 3.429-39.429-18.286-39.429h-841.143c-9.714 0-18.286 8.571-18.286 18.286 0 65.143 32.571 121.714 84 162.286 76.571 60 153.143 120.571 229.143 181.143 30.286 24.571 85.143 77.143 125.143 77.143h1.143c40 0 94.857-52.571 125.143-77.143 76-60.571 152.571-121.143 229.143-181.143 37.143-29.143 84-92.571 84-141.143zM1024 237.714v621.714c0 50.286-41.143 91.429-91.429 91.429h-841.143c-50.286 0-91.429-41.143-91.429-91.429v-621.714c0-50.286 41.143-91.429 91.429-91.429h841.143c50.286 0 91.429 41.143 91.429 91.429z"],"width":1024,"attrs":[],"isMulticolor":false,"isMulticolor2":false,"tags":["envelope-o"],"defaultCode":61443,"grid":14},"attrs":[],"properties":{"name":"envelope-o","id":7,"order":8,"prevSize":28,"code":61443},"setIdx":0,"setId":0,"iconIdx":7},{"icon":{"paths":["M731.429 799.429c0 83.429-54.857 151.429-121.714 151.429h-488c-66.857 0-121.714-68-121.714-151.429 0-150.286 37.143-324 186.857-324 46.286 45.143 109.143 73.143 178.857 73.143s132.571-28 178.857-73.143c149.714 0 186.857 173.714 186.857 324zM585.143 292.571c0 121.143-98.286 219.429-219.429 219.429s-219.429-98.286-219.429-219.429 98.286-219.429 219.429-219.429 219.429 98.286 219.429 219.429z"],"width":731.4285714285713,"attrs":[],"isMulticolor":false,"isMulticolor2":false,"tags":["user"],"defaultCode":61447,"grid":14},"attrs":[],"properties":{"name":"user","id":11,"order":2,"prevSize":28,"code":61447},"setIdx":0,"setId":0,"iconIdx":11},{"icon":{"paths":["M182.857 438.857h292.571v-109.714c0-80.571-65.714-146.286-146.286-146.286s-146.286 65.714-146.286 146.286v109.714zM658.286 493.714v329.143c0 30.286-24.571 54.857-54.857 54.857h-548.571c-30.286 0-54.857-24.571-54.857-54.857v-329.143c0-30.286 24.571-54.857 54.857-54.857h18.286v-109.714c0-140.571 115.429-256 256-256s256 115.429 256 256v109.714h18.286c30.286 0 54.857 24.571 54.857 54.857z"],"width":658.2857142857142,"attrs":[],"isMulticolor":false,"isMulticolor2":false,"tags":["lock"],"defaultCode":61475,"grid":14},"attrs":[],"properties":{"name":"lock","id":36,"order":4,"prevSize":28,"code":61475},"setIdx":0,"setId":0,"iconIdx":36},{"icon":{"paths":["M950.857 548.571c-54.286-84-128.571-156-217.714-201.714 22.857 38.857 34.857 83.429 34.857 128.571 0 141.143-114.857 256-256 256s-256-114.857-256-256c0-45.143 12-89.714 34.857-128.571-89.143 45.714-163.429 117.714-217.714 201.714 97.714 150.857 255.429 256 438.857 256s341.143-105.143 438.857-256zM539.429 329.143c0-14.857-12.571-27.429-27.429-27.429-95.429 0-173.714 78.286-173.714 173.714 0 14.857 12.571 27.429 27.429 27.429s27.429-12.571 27.429-27.429c0-65.143 53.714-118.857 118.857-118.857 14.857 0 27.429-12.571 27.429-27.429zM1024 548.571c0 14.286-4.571 27.429-11.429 39.429-105.143 173.143-297.714 289.714-500.571 289.714s-395.429-117.143-500.571-289.714c-6.857-12-11.429-25.143-11.429-39.429s4.571-27.429 11.429-39.429c105.143-172.571 297.714-289.714 500.571-289.714s395.429 117.143 500.571 289.714c6.857 12 11.429 25.143 11.429 39.429z"],"width":1024,"attrs":[],"isMulticolor":false,"isMulticolor2":false,"tags":["eye"],"defaultCode":61550,"grid":14},"attrs":[],"properties":{"name":"eye","id":105,"order":7,"prevSize":28,"code":61550},"setIdx":0,"setId":0,"iconIdx":105},{"icon":{"paths":["M317.143 762.857l44.571-80.571c-66.286-48-105.714-125.143-105.714-206.857 0-45.143 12-89.714 34.857-128.571-89.143 45.714-163.429 117.714-217.714 201.714 59.429 92 143.429 169.143 244 214.286zM539.429 329.143c0-14.857-12.571-27.429-27.429-27.429-95.429 0-173.714 78.286-173.714 173.714 0 14.857 12.571 27.429 27.429 27.429s27.429-12.571 27.429-27.429c0-65.714 53.714-118.857 118.857-118.857 14.857 0 27.429-12.571 27.429-27.429zM746.857 220c0 1.143 0 4-0.571 5.143-120.571 215.429-240 432-360.571 647.429l-28 50.857c-3.429 5.714-9.714 9.143-16 9.143-10.286 0-64.571-33.143-76.571-40-5.714-3.429-9.143-9.143-9.143-16 0-9.143 19.429-40 25.143-49.714-110.857-50.286-204-136-269.714-238.857-7.429-11.429-11.429-25.143-11.429-39.429 0-13.714 4-28 11.429-39.429 113.143-173.714 289.714-289.714 500.571-289.714 34.286 0 69.143 3.429 102.857 9.714l30.857-55.429c3.429-5.714 9.143-9.143 16-9.143 10.286 0 64 33.143 76 40 5.714 3.429 9.143 9.143 9.143 15.429zM768 475.429c0 106.286-65.714 201.143-164.571 238.857l160-286.857c2.857 16 4.571 32 4.571 48zM1024 548.571c0 14.857-4 26.857-11.429 39.429-17.714 29.143-40 57.143-62.286 82.857-112 128.571-266.286 206.857-438.286 206.857l42.286-75.429c166.286-14.286 307.429-115.429 396.571-253.714-42.286-65.714-96.571-123.429-161.143-168l36-64c70.857 47.429 142.286 118.857 186.857 192.571 7.429 12.571 11.429 24.571 11.429 39.429z"],"width":1024,"attrs":[],"isMulticolor":false,"isMulticolor2":false,"tags":["eye-slash"],"defaultCode":61552,"grid":14},"attrs":[],"properties":{"name":"eye-slash","id":106,"order":6,"prevSize":28,"code":61552},"setIdx":0,"setId":0,"iconIdx":106},{"icon":{"paths":["M676.571 512c0 9.714-4 18.857-10.857 25.714l-310.857 310.857c-6.857 6.857-16 10.857-25.714 10.857-20 0-36.571-16.571-36.571-36.571v-164.571h-256c-20 0-36.571-16.571-36.571-36.571v-219.429c0-20 16.571-36.571 36.571-36.571h256v-164.571c0-20 16.571-36.571 36.571-36.571 9.714 0 18.857 4 25.714 10.857l310.857 310.857c6.857 6.857 10.857 16 10.857 25.714zM877.714 310.857v402.286c0 90.857-73.714 164.571-164.571 164.571h-182.857c-9.714 0-18.286-8.571-18.286-18.286 0-16-7.429-54.857 18.286-54.857h182.857c50.286 0 91.429-41.143 91.429-91.429v-402.286c0-50.286-41.143-91.429-91.429-91.429h-164.571c-14.286 0-36.571 2.857-36.571-18.286 0-16-7.429-54.857 18.286-54.857h182.857c90.857 0 164.571 73.714 164.571 164.571z"],"width":877.7142857142857,"attrs":[],"isMulticolor":false,"isMulticolor2":false,"tags":["sign-in"],"defaultCode":61584,"grid":14},"attrs":[],"properties":{"name":"sign-in","id":136,"order":10,"prevSize":28,"code":61584},"setIdx":0,"setId":0,"iconIdx":136},{"icon":{"paths":["M603.429 438.857c30.286 0 54.857 24.571 54.857 54.857v329.143c0 30.286-24.571 54.857-54.857 54.857h-548.571c-30.286 0-54.857-24.571-54.857-54.857v-329.143c0-30.286 24.571-54.857 54.857-54.857h18.286v-182.857c0-141.143 114.857-256 256-256s256 114.857 256 256c0 20-16.571 36.571-36.571 36.571h-36.571c-20 0-36.571-16.571-36.571-36.571 0-80.571-65.714-146.286-146.286-146.286s-146.286 65.714-146.286 146.286v182.857h420.571z"],"width":658.2857142857142,"attrs":[],"isMulticolor":false,"isMulticolor2":false,"tags":["unlock-alt"],"defaultCode":61758,"grid":14},"attrs":[],"properties":{"name":"unlock-alt","id":285,"order":5,"prevSize":28,"code":61758},"setIdx":0,"setId":0,"iconIdx":285},{"icon":{"paths":["M713.143 73.143c90.857 0 164.571 73.714 164.571 164.571v548.571c0 90.857-73.714 164.571-164.571 164.571h-548.571c-90.857 0-164.571-73.714-164.571-164.571v-548.571c0-90.857 73.714-164.571 164.571-164.571h548.571zM731.429 676.571v-249.143c-10.857 12-22.857 22.857-36.571 31.429-53.714 35.429-109.143 68.571-162.286 105.143-26.857 18.857-60 39.429-93.714 39.429v0 0 0 0c-33.714 0-66.857-20.571-93.714-39.429-53.143-36.571-109.143-69.143-162.286-105.714-13.143-8.571-23.429-21.143-36.571-30.857v249.143c0 30.286 24.571 54.857 54.857 54.857h475.429c30.286 0 54.857-24.571 54.857-54.857zM731.429 349.143c0-30.857-22.857-56.571-54.857-56.571h-475.429c-30.286 0-54.857 24.571-54.857 54.857 0 30.857 32 64.571 56 80.571 50.286 33.714 102.286 65.143 152.571 98.286 21.714 14.286 57.714 40.571 84 40.571s62.286-26.286 84-40.571c50.857-33.143 101.714-65.714 152.571-99.429 22.286-14.857 56-49.143 56-77.714z"],"width":877.7142857142857,"attrs":[],"isMulticolor":false,"isMulticolor2":false,"tags":["envelope-square"],"defaultCode":61849,"grid":14},"attrs":[],